PRIM_STATE,OCC_CODE,OCC_TITLE,TOT_EMP,H_MEAN,A_MEAN
MD,00-0000,All Occupations,"2,546,000",31.68,"65,900"
MD,11-0000,Management Occupations,"179,270",61.88,"128,720"
MD,11-1011,Chief Executives,"5,260",108.25,"225,160"
MD,11-1021,General and Operations Managers,"55,370",57.73,"120,090"
MD,11-1031,Legislators,520,*,"50,940"
MD,Nov-11,Advertising and Promotions Managers,540,64.4,"133,950"
MD,Nov-21,Marketing Managers,"4,070",69.85,"145,290"
MD,Nov-22,Sales Managers,"6,450",67.66,"140,730"
MD,Nov-32,Public Relations Managers,"1,470",63.99,"133,100"
MD,Nov-33,Fundraising Managers,540,53.78,"111,860"
MD,Nov-12,Administrative Services Managers,"4,520",56.37,"117,260"
MD,Nov-13,Facilities Managers,"2,090",48.68,"101,250"
MD,Nov-21,Computer and Information Systems Managers,"11,870",74.92,"155,830"
MD,Nov-31,Financial Managers,"12,920",73.8,"153,500"
MD,Nov-51,Industrial Production Managers,"1,540",58.95,"122,610"
MD,Nov-61,Purchasing Managers,"1,850",66.25,"137,810"
MD,Nov-71,"Transportation, Storage, and Distribution Managers","2,900",49.96,"103,910"
MD,Nov-11,Compensation and Benefits Managers,400,64.24,"133,610"
MD,Nov-21,Human Resources Managers,"2,770",66.07,"137,430"
MD,Nov-31,Training and Development Managers,"1,050",62.52,"130,050"
MD,Nov-13,"Farmers, Ranchers, and Other Agricultural Managers",140,42.8,"89,030"
MD,Nov-21,Construction Managers,"6,480",53.69,"111,680"
MD,Nov-31,"Education and Childcare Administrators, Preschool and Daycare","1,010",24.88,"51,750"
MD,Nov-32,"Education Administrators, Kindergarten through Secondary","5,270",*,"117,000"
MD,Nov-33,"Education Administrators, Postsecondary","2,510",62.1,"129,170"
MD,Nov-39,"Education Administrators, All Other","1,550",54.04,"112,400"
MD,Nov-41,Architectural and Engineering Managers,"4,910",72.01,"149,780"
MD,Nov-51,Food Service Managers,"2,210",33.91,"70,540"
MD,Nov-72,"Entertainment and Recreation Managers, Except Gambling",690,44.82,"93,230"
MD,Nov-81,Lodging Managers,550,31.04,"64,550"
MD,Nov-11,Medical and Health Services Managers,"10,840",65.32,"135,870"
MD,Nov-21,Natural Sciences Managers,"4,130",70.96,"147,590"
MD,Nov-31,Postmasters and Mail Superintendents,220,38.27,"79,610"
MD,Nov-41,"Property, Real Estate, and Community Association Managers","5,190",36.21,"75,320"
MD,Nov-51,Social and Community Service Managers,"3,540",40.67,"84,590"
MD,Nov-61,Emergency Management Directors,90,51.78,"107,700"
MD,Nov-71,Funeral Home Managers,220,43.95,"91,420"
MD,Nov-79,"Personal Service Managers, All Other",**,30.94,"64,360"
MD,Nov-99,"Managers, All Other","13,470",63.37,"131,810"
MD,13-0000,Business and Financial Operations Occupations,"193,890",42.86,"89,150"
MD,13-1011,"Agents and Business Managers of Artists, Performers, and Athletes",170,*,*
MD,13-1020,Buyers and Purchasing Agents,"8,810",40.04,"83,280"
MD,13-1031,"Claims Adjusters, Examiners, and Investigators","5,150",38.13,"79,310"
MD,13-1032,"Insurance Appraisers, Auto Damage",220,34.89,"72,570"
MD,13-1041,Compliance Officers,"7,410",39.05,"81,230"
MD,13-1051,Cost Estimators,"4,440",36.54,"76,010"
MD,13-1071,Human Resources Specialists,"13,610",37.78,"78,590"
MD,13-1075,Labor Relations Specialists,850,43.98,"91,470"
MD,13-1081,Logisticians,"5,600",47.89,"99,600"
MD,13-1082,Project Management Specialists,"27,430",46.97,"97,700"
MD,13-1111,Management Analysts,"17,200",51.45,"107,020"
MD,13-1121,"Meeting, Convention, and Event Planners","2,170",26.92,"55,990"
MD,13-1131,Fundraisers,"1,490",31.33,"65,160"
MD,13-1141,"Compensation, Benefits, and Job Analysis Specialists","1,850",37.64,"78,280"
MD,13-1151,Training and Development Specialists,"5,970",34.88,"72,560"
MD,13-1161,Market Research Analysts and Marketing Specialists,"9,740",33.24,"69,140"
MD,13-1199,"Business Operations Specialists, All Other","27,270",45.66,"94,980"
MD,13-2011,Accountants and Auditors,"25,340",40.5,"84,230"
MD,13-2020,Property Appraisers and Assessors,"1,150",36.01,"74,890"
MD,13-2031,Budget Analysts,"2,040",47.92,"99,670"
MD,13-2041,Credit Analysts,"1,150",34.5,"71,760"
MD,13-2051,Financial and Investment Analysts,"5,170",51.94,"108,030"
MD,13-2052,Personal Financial Advisors,"4,810",61.84,"128,630"
MD,13-2053,Insurance Underwriters,"1,520",36.66,"76,250"
MD,13-2054,Financial Risk Specialists,"1,070",43.55,"90,580"
MD,13-2061,Financial Examiners,610,51.95,"108,060"
MD,13-2071,Credit Counselors,540,26.06,"54,200"
MD,13-2072,Loan Officers,"5,450",39.96,"83,110"
MD,13-2081,"Tax Examiners and Collectors, and Revenue Agents",580,28.2,"58,660"
MD,13-2082,Tax Preparers,"1,560",23.57,"49,030"
MD,13-2099,"Financial Specialists, All Other","3,550",44.54,"92,640"
MD,15-0000,Computer and Mathematical Occupations,"138,370",53.26,"110,790"
MD,15-1211,Computer Systems Analysts,"13,150",49.23,"102,390"
MD,15-1212,Information Security Analysts,"7,330",60.63,"126,110"
MD,15-1221,Computer and Information Research Scientists,"2,220",62.11,"129,200"
MD,15-1231,Computer Network Support Specialists,"7,210",36.6,"76,120"
MD,15-1232,Computer User Support Specialists,"9,770",27.68,"57,580"
MD,15-1241,Computer Network Architects,"6,730",65.64,"136,520"
MD,15-1242,Database Administrators,"2,150",48.25,"100,350"
MD,15-1243,Database Architects,620,64,"133,120"
MD,15-1244,Network and Computer Systems Administrators,"9,470",51.19,"106,480"
MD,15-1251,Computer Programmers,"4,940",46.07,"95,830"
MD,15-1252,Software Developers,"25,710",63.09,"131,240"
MD,15-1253,Software Quality Assurance Analysts and Testers,"10,210",53.34,"110,950"
MD,15-1254,Web Developers,"2,560",46.37,"96,460"
MD,15-1255,Web and Digital Interface Designers,"1,420",36.77,"76,480"
MD,15-1299,"Computer Occupations, All Other","23,640",57.97,"120,580"
MD,15-2011,Actuaries,600,60.07,"124,950"
MD,15-2021,Mathematicians,190,57.22,"119,010"
MD,15-2031,Operations Research Analysts,"4,670",50.5,"105,040"
MD,15-2041,Statisticians,"3,380",54.91,"114,210"
MD,15-2051,Data Scientists,"2,280",56.57,"117,660"
MD,15-2099,"Mathematical Science Occupations, All Other",130,30.38,"63,190"
MD,17-0000,Architecture and Engineering Occupations,"55,590",49.93,"103,850"
MD,17-1011,"Architects, Except Landscape and Naval","2,060",39.75,"82,690"
MD,17-1012,Landscape Architects,540,38.75,"80,600"
MD,17-1021,Cartographers and Photogrammetrists,430,41.44,"86,190"
MD,17-1022,Surveyors,810,30.3,"63,020"
MD,17-2011,Aerospace Engineers,"3,490",64.11,"133,350"
MD,17-2021,Agricultural Engineers,40,44.37,"92,280"
MD,17-2031,Bioengineers and Biomedical Engineers,740,50.23,"104,470"
MD,17-2041,Chemical Engineers,650,55.98,"116,430"
MD,17-2051,Civil Engineers,"5,480",44.12,"91,770"
MD,17-2061,Computer Hardware Engineers,"3,370",61.16,"127,200"
MD,17-2071,Electrical Engineers,"5,520",56.71,"117,950"
MD,17-2072,"Electronics Engineers, Except Computer","3,970",62.16,"129,290"
MD,17-2081,Environmental Engineers,870,48.78,"101,470"
MD,17-2111,"Health and Safety Engineers, Except Mining Safety Engineers and Inspectors",600,52.61,"109,440"
MD,17-2112,Industrial Engineers,"2,650",51.57,"107,260"
MD,17-2121,Marine Engineers and Naval Architects,320,58.31,"121,280"
MD,17-2131,Materials Engineers,900,55.5,"115,430"
MD,17-2141,Mechanical Engineers,"5,480",51.93,"108,010"
MD,17-2161,Nuclear Engineers,430,53.95,"112,220"
MD,17-2199,"Engineers, All Other","5,050",57.72,"120,060"
MD,17-3011,Architectural and Civil Drafters,"1,180",34.42,"71,590"
MD,17-3012,Electrical and Electronics Drafters,330,36.13,"75,140"
MD,17-3013,Mechanical Drafters,"1,570",34.28,"71,310"
MD,17-3019,"Drafters, All Other",380,32.06,"66,680"
MD,17-3021,Aerospace Engineering and Operations Technologists and Technicians,270,40.84,"84,950"
MD,17-3022,Civil Engineering Technologists and Technicians,780,27.35,"56,880"
MD,17-3023,Electrical and Electronic Engineering Technologists and Technicians,"3,350",39.99,"83,180"
MD,17-3024,Electro-Mechanical and Mechatronics Technologists and Technicians,240,35.16,"73,130"
MD,17-3025,Environmental Engineering Technologists and Technicians,**,26.28,"54,660"
MD,17-3026,Industrial Engineering Technologists and Technicians,340,31.83,"66,210"
MD,17-3027,Mechanical Engineering Technologists and Technicians,540,31.13,"64,750"
MD,17-3028,Calibration Technologists and Technicians,150,32.53,"67,660"
MD,17-3029,"Engineering Technologists and Technicians, Except Drafters, All Other","2,080",45.02,"93,650"
MD,17-3031,Surveying and Mapping Technicians,750,25.26,"52,530"
MD,19-0000,"Life, Physical, and Social Science Occupations","43,260",45.71,"95,090"
MD,19-1011,Animal Scientists,100,41.37,"86,050"
MD,19-1012,Food Scientists and Technologists,280,42.77,"88,970"
MD,19-1013,Soil and Plant Scientists,**,45.02,"93,640"
MD,19-1021,Biochemists and Biophysicists,740,38.42,"79,920"
MD,19-1022,Microbiologists,"2,190",48.13,"100,100"
MD,19-1023,Zoologists and Wildlife Biologists,330,39.03,"81,170"
MD,19-1029,"Biological Scientists, All Other","4,760",51.85,"107,850"
MD,19-1031,Conservation Scientists,320,39.42,"82,000"
MD,19-1032,Foresters,50,35.44,"73,710"
MD,19-1041,Epidemiologists,330,47.25,"98,280"
MD,19-1042,"Medical Scientists, Except Epidemiologists","5,440",52.36,"108,910"
MD,19-1099,"Life Scientists, All Other",570,52.24,"108,660"
MD,19-2011,Astronomers,440,62.45,"129,900"
MD,19-2012,Physicists,990,64.74,"134,650"
MD,19-2021,Atmospheric and Space Scientists,930,50.92,"105,920"
MD,19-2031,Chemists,"2,980",57.78,"120,190"
MD,19-2032,Materials Scientists,270,51.42,"106,950"
MD,19-2041,"Environmental Scientists and Specialists, Including Health","1,570",38.96,"81,030"
MD,19-2042,"Geoscientists, Except Hydrologists and Geographers",440,43.89,"91,300"
MD,19-2043,Hydrologists,70,52.47,"109,140"
MD,19-2099,"Physical Scientists, All Other","1,800",62.89,"130,810"
MD,19-3011,Economists,"1,030",58.99,"122,690"
MD,19-3022,Survey Researchers,580,41.64,"86,620"
MD,19-3033,Clinical and Counseling Psychologists,820,44.87,"93,330"
MD,19-3034,School Psychologists,"1,000",42.6,"88,610"
MD,19-3039,"Psychologists, All Other",530,53.54,"111,350"
MD,19-3041,Sociologists,**,43.9,"91,310"
MD,19-3051,Urban and Regional Planners,810,38.64,"80,360"
MD,19-3091,Anthropologists and Archeologists,230,28.49,"59,260"
MD,19-3092,Geographers,240,44.72,"93,010"
MD,19-3093,Historians,70,41.49,"86,300"
MD,19-3094,Political Scientists,**,67.72,"140,850"
MD,19-3099,"Social Scientists and Related Workers, All Other","2,040",52.28,"108,740"
MD,19-4012,Agricultural Technicians,320,25.04,"52,080"
MD,19-4013,Food Science Technicians,120,24.54,"51,040"
MD,19-4021,Biological Technicians,"3,970",25.06,"52,130"
MD,19-4031,Chemical Technicians,420,*,*
MD,19-4042,"Environmental Science and Protection Technicians, Including Health",780,25.62,"53,280"
MD,19-4044,Hydrologic Technicians,90,24.6,"51,160"
MD,19-4061,Social Science Research Assistants,690,26.13,"54,350"
MD,19-4071,Forest and Conservation Technicians,40,25.49,"53,020"
MD,19-4092,Forensic Science Technicians,440,33.49,"69,660"
MD,19-4099,"Life, Physical, and Social Science Technicians, All Other","2,040",32.54,"67,690"
MD,19-5011,Occupational Health and Safety Specialists,"1,440",41.46,"86,250"
MD,19-5012,Occupational Health and Safety Technicians,140,29.96,"62,320"
MD,21-0000,Community and Social Service Occupations,"46,980",27.31,"56,790"
MD,21-1012,"Educational, Guidance, and Career Counselors and Advisors","6,170",34.97,"72,730"
MD,21-1013,Marriage and Family Therapists,880,27.33,"56,840"
MD,21-1015,Rehabilitation Counselors,"1,980",20.67,"42,990"
MD,21-1018,"Substance Abuse, Behavioral Disorder, and Mental Health Counselors","5,520",27.26,"56,700"
MD,21-1019,"Counselors, All Other","1,110",21.43,"44,570"
MD,21-1021,"Child, Family, and School Social Workers","5,620",30.02,"62,440"
MD,21-1022,Healthcare Social Workers,"3,420",30.08,"62,560"
MD,21-1023,Mental Health and Substance Abuse Social Workers,"2,870",25.91,"53,890"
MD,21-1029,"Social Workers, All Other","1,520",32.71,"68,040"
MD,21-1091,Health Education Specialists,"1,910",43.34,"90,140"
MD,21-1092,Probation Officers and Correctional Treatment Specialists,"1,650",30.2,"62,810"
MD,21-1093,Social and Human Service Assistants,"8,170",18.73,"38,950"
MD,21-1094,Community Health Workers,"1,470",23.34,"48,560"
MD,21-1099,"Community and Social Service Specialists, All Other","3,470",23.81,"49,520"
MD,21-2011,Clergy,800,25.24,"52,510"
MD,21-2021,"Directors, Religious Activities and Education",190,25.41,"52,860"
MD,21-2099,"Religious Workers, All Other",230,20.13,"41,870"
MD,23-0000,Legal Occupations,"21,630",52.75,"109,720"
MD,23-1011,Lawyers,"11,720",67.52,"140,450"
MD,23-1012,Judicial Law Clerks,110,29.14,"60,620"
MD,23-1021,"Administrative Law Judges, Adjudicators, and Hearing Officers",410,53.92,"112,160"
MD,23-1022,"Arbitrators, Mediators, and Conciliators",**,27.48,"57,160"
MD,23-1023,"Judges, Magistrate Judges, and Magistrates",550,79.95,"166,300"
MD,23-2011,Paralegals and Legal Assistants,"6,200",28.91,"60,130"
MD,23-2093,"Title Examiners, Abstractors, and Searchers",480,21.64,"45,000"
MD,23-2099,"Legal Support Workers, All Other","2,090",42.4,"88,190"
MD,25-0000,Educational Instruction and Library Occupations,"159,330",34.52,"71,810"
MD,25-1011,"Business Teachers, Postsecondary","1,410",*,"120,430"
MD,25-1021,"Computer Science Teachers, Postsecondary",920,*,"95,650"
MD,25-1022,"Mathematical Science Teachers, Postsecondary",940,*,"81,510"
MD,25-1031,"Architecture Teachers, Postsecondary",80,*,"83,240"
MD,25-1032,"Engineering Teachers, Postsecondary",840,*,"115,020"
MD,25-1041,"Agricultural Sciences Teachers, Postsecondary",130,*,"97,120"
MD,25-1042,"Biological Science Teachers, Postsecondary",880,*,"99,640"
MD,25-1051,"Atmospheric, Earth, Marine, and Space Sciences Teachers, Postsecondary",190,*,"94,240"
MD,25-1052,"Chemistry Teachers, Postsecondary",400,*,"101,250"
MD,25-1053,"Environmental Science Teachers, Postsecondary",200,*,"80,090"
MD,25-1054,"Physics Teachers, Postsecondary",340,*,"104,690"
MD,25-1061,"Anthropology and Archeology Teachers, Postsecondary",70,*,"89,310"
MD,25-1063,"Economics Teachers, Postsecondary",240,*,"122,750"
MD,25-1064,"Geography Teachers, Postsecondary",140,*,"95,890"
MD,25-1065,"Political Science Teachers, Postsecondary",290,*,"100,460"
MD,25-1066,"Psychology Teachers, Postsecondary",560,*,"85,860"
MD,25-1067,"Sociology Teachers, Postsecondary",190,*,"82,690"
MD,25-1069,"Social Sciences Teachers, Postsecondary, All Other",650,*,"89,470"
MD,25-1072,"Nursing Instructors and Teachers, Postsecondary",940,*,"82,690"
MD,25-1081,"Education Teachers, Postsecondary",960,*,"85,090"
MD,25-1082,"Library Science Teachers, Postsecondary",70,*,"88,690"
MD,25-1111,"Criminal Justice and Law Enforcement Teachers, Postsecondary",160,*,"78,110"
MD,25-1112,"Law Teachers, Postsecondary",100,*,"135,580"
MD,25-1113,"Social Work Teachers, Postsecondary",170,*,"84,600"
MD,25-1121,"Art, Drama, and Music Teachers, Postsecondary","1,900",*,"71,560"
MD,25-1122,"Communications Teachers, Postsecondary",550,*,"84,590"
MD,25-1123,"English Language and Literature Teachers, Postsecondary","1,190",*,"80,170"
MD,25-1124,"Foreign Language and Literature Teachers, Postsecondary",330,*,"76,650"
MD,25-1125,"History Teachers, Postsecondary",320,*,"81,320"
MD,25-1126,"Philosophy and Religion Teachers, Postsecondary",460,*,"117,770"
MD,25-1192,"Family and Consumer Sciences Teachers, Postsecondary",50,*,"75,850"
MD,25-1193,"Recreation and Fitness Studies Teachers, Postsecondary",180,*,"72,030"
MD,25-1194,"Career/Technical Education Teachers, Postsecondary",840,34.13,"71,000"
MD,25-2011,"Preschool Teachers, Except Special Education","7,450",19.75,"41,070"
MD,25-2012,"Kindergarten Teachers, Except Special Education","2,490",*,"67,390"
MD,25-2021,"Elementary School Teachers, Except Special Education","28,590",*,"71,790"
MD,25-2022,"Middle School Teachers, Except Special and Career/Technical Education","12,230",*,"73,480"
MD,25-2023,"Career/Technical Education Teachers, Middle School",**,*,"78,540"
MD,25-2031,"Secondary School Teachers, Except Special and Career/Technical Education","18,530",*,"75,840"
MD,25-2032,"Career/Technical Education Teachers, Secondary School",740,*,"79,110"
MD,25-2051,"Special Education Teachers, Preschool",**,*,"65,530"
MD,25-2052,"Special Education Teachers, Kindergarten and Elementary School","4,050",*,"69,190"
MD,25-2057,"Special Education Teachers, Middle School","2,830",*,"69,040"
MD,25-2058,"Special Education Teachers, Secondary School","2,930",*,"80,060"
MD,25-2059,"Special Education Teachers, All Other","1,870",*,"67,080"
MD,25-3011,"Adult Basic Education, Adult Secondary Education, and English as a Second Language Instructors",550,32.7,"68,020"
MD,25-3021,Self-Enrichment Teachers,"4,110",25.48,"53,010"
MD,25-3031,"Substitute Teachers, Short-Term","4,700",20.59,"42,820"
MD,25-3041,Tutors,"3,380",20.89,"43,440"
MD,25-3099,"Teachers and Instructors, All Other","3,280",*,"83,970"
MD,25-4011,Archivists,270,38.23,"79,520"
MD,25-4012,Curators,130,31.52,"65,550"
MD,25-4013,Museum Technicians and Conservators,420,34.81,"72,400"
MD,25-4022,Librarians and Media Collections Specialists,"3,210",37.39,"77,780"
MD,25-4031,Library Technicians,"1,370",22.17,"46,110"
MD,25-9021,Farm and Home Management Educators,180,34.48,"71,720"
MD,25-9031,Instructional Coordinators,"2,640",38.21,"79,470"
MD,25-9044,"Teaching Assistants, Postsecondary","5,070",*,"52,210"
MD,25-9045,"Teaching Assistants, Except Postsecondary","17,160",*,"37,050"
MD,25-9099,"Educational Instruction and Library Workers, All Other","1,590",25.02,"52,040"
MD,27-0000,"Arts, Design, Entertainment, Sports, and Media Occupations","29,340",31.93,"66,420"
MD,27-1011,Art Directors,300,42.66,"88,740"
MD,27-1013,"Fine Artists, Including Painters, Sculptors, and Illustrators",**,31.91,"66,370"
MD,27-1014,Special Effects Artists and Animators,380,40.29,"83,800"
MD,27-1019,"Artists and Related Workers, All Other",440,50.4,"104,820"
MD,27-1021,Commercial and Industrial Designers,280,29.73,"61,840"
MD,27-1023,Floral Designers,540,16.05,"33,390"
MD,27-1024,Graphic Designers,"3,230",31.06,"64,600"
MD,27-1025,Interior Designers,960,30.43,"63,300"
MD,27-1026,Merchandise Displayers and Window Trimmers,"2,150",17.79,"37,010"
MD,27-1027,Set and Exhibit Designers,140,30.55,"63,540"
MD,27-1029,"Designers, All Other",270,30.84,"64,150"
MD,27-2011,Actors,890,31.92,*
MD,27-2012,Producers and Directors,"1,730",40.03,"83,270"
MD,27-2021,Athletes and Sports Competitors,170,*,"54,500"
MD,27-2022,Coaches and Scouts,"2,840",*,"53,370"
MD,27-2023,"Umpires, Referees, and Other Sports Officials",100,*,"54,790"
MD,27-2041,Music Directors and Composers,150,26.39,"54,880"
MD,27-2042,Musicians and Singers,260,*,*
MD,27-3011,Broadcast Announcers and Radio Disc Jockeys,340,26.52,"55,170"
MD,27-3023,"News Analysts, Reporters, and Journalists",280,28.31,"58,890"
MD,27-3031,Public Relations Specialists,"3,760",35.65,"74,150"
MD,27-3041,Editors,"1,830",34.48,"71,720"
MD,27-3042,Technical Writers,"1,990",42.1,"87,560"
MD,27-3043,Writers and Authors,"1,060",38.56,"80,200"
MD,27-3091,Interpreters and Translators,"1,150",34.61,"71,980"
MD,27-3092,Court Reporters and Simultaneous Captioners,100,31.01,"64,500"
MD,27-3099,"Media and Communication Workers, All Other",550,26.37,"54,850"
MD,27-4011,Audio and Video Technicians,"1,250",26.58,"55,290"
MD,27-4012,Broadcast Technicians,250,21.14,"43,980"
MD,27-4014,Sound Engineering Technicians,280,23.43,"48,720"
MD,27-4021,Photographers,620,23.28,"48,420"
MD,27-4031,"Camera Operators, Television, Video, and Film",150,28.94,"60,190"
MD,27-4032,Film and Video Editors,80,24.38,"50,700"
MD,27-4099,"Media and Communication Equipment Workers, All Other",510,46.98,"97,710"
MD,29-0000,Healthcare Practitioners and Technical Occupations,"165,380",48.71,"101,330"
MD,29-1011,Chiropractors,500,38.12,"79,290"
MD,29-1021,"Dentists, General","2,050",76.21,"158,520"
MD,29-1022,Oral and Maxillofacial Surgeons,**,173.33,"360,520"
MD,29-1023,Orthodontists,540,161.88,"336,720"
MD,29-1029,"Dentists, All Other Specialists",80,79.97,"166,340"
MD,29-1031,Dietitians and Nutritionists,"1,450",34.27,"71,270"
MD,29-1041,Optometrists,630,69.51,"144,570"
MD,29-1051,Pharmacists,"5,220",58.31,"121,290"
MD,29-1071,Physician Assistants,"4,120",47.85,"99,530"
MD,29-1081,Podiatrists,270,74.97,"155,930"
MD,29-1122,Occupational Therapists,"3,170",41.57,"86,460"
MD,29-1123,Physical Therapists,"3,950",43.61,"90,710"
MD,29-1124,Radiation Therapists,320,40.73,"84,710"
MD,29-1125,Recreational Therapists,330,23.6,"49,090"
MD,29-1126,Respiratory Therapists,"1,580",34.96,"72,710"
MD,29-1127,Speech-Language Pathologists,"3,120",41.28,"85,850"
MD,29-1128,Exercise Physiologists,90,26.12,"54,330"
MD,29-1129,"Therapists, All Other",960,25.5,"53,050"
MD,29-1131,Veterinarians,"1,740",59.86,"124,510"
MD,29-1141,Registered Nurses,"51,550",39.74,"82,660"
MD,29-1151,Nurse Anesthetists,490,86.81,"180,560"
MD,29-1161,Nurse Midwives,220,54.74,"113,860"
MD,29-1171,Nurse Practitioners,"3,540",55.63,"115,700"
MD,29-1181,Audiologists,190,41.33,"85,960"
MD,29-1211,Anesthesiologists,**,#,#
MD,29-1212,Cardiologists,440,174.08,"362,090"
MD,29-1213,Dermatologists,**,#,#
MD,29-1214,Emergency Medicine Physicians,"1,220",153.38,"319,030"
MD,29-1215,Family Medicine Physicians,"1,110",110.83,"230,530"
MD,29-1216,General Internal Medicine Physicians,"2,710",133.82,"278,350"
MD,29-1217,Neurologists,80,146.96,"305,680"
MD,29-1218,Obstetricians and Gynecologists,420,#,#
MD,29-1221,"Pediatricians, General",890,94.53,"196,630"
MD,29-1222,"Physicians, Pathologists",**,168.69,"350,880"
MD,29-1223,Psychiatrists,580,126.14,"262,380"
MD,29-1224,Radiologists,640,115.92,"241,120"
MD,29-1229,"Physicians, All Other","7,110",102.9,"214,030"
MD,29-1241,"Ophthalmologists, Except Pediatric",140,156.58,"325,690"
MD,29-1242,"Orthopedic Surgeons, Except Pediatric",270,#,#
MD,29-1249,"Surgeons, All Other",**,152.51,"317,220"
MD,29-1291,Acupuncturists,110,43.14,"89,720"
MD,29-1292,Dental Hygienists,"4,120",42.95,"89,340"
MD,29-1299,"Healthcare Diagnosing or Treating Practitioners, All Other","5,770",67.76,"140,950"
MD,29-2010,Clinical Laboratory Technologists and Technicians,"6,810",27.97,"58,180"
MD,29-2031,Cardiovascular Technologists and Technicians,"1,200",32.82,"68,260"
MD,29-2032,Diagnostic Medical Sonographers,"1,770",40.71,"84,680"
MD,29-2033,Nuclear Medicine Technologists,430,39.93,"83,050"
MD,29-2034,Radiologic Technologists and Technicians,"3,160",34.72,"72,210"
MD,29-2035,Magnetic Resonance Imaging Technologists,990,38.9,"80,910"
MD,29-2036,Medical Dosimetrists,40,55.71,"115,880"
MD,29-2042,Emergency Medical Technicians,"2,400",24.41,"50,770"
MD,29-2043,Paramedics,"2,290",28.62,"59,520"
MD,29-2051,Dietetic Technicians,100,21.05,"43,780"
MD,29-2052,Pharmacy Technicians,"6,430",18.19,"37,840"
MD,29-2053,Psychiatric Technicians,620,19.85,"41,280"
MD,29-2055,Surgical Technologists,"1,980",25.83,"53,730"
MD,29-2056,Veterinary Technologists and Technicians,"2,410",19.35,"40,250"
MD,29-2057,Ophthalmic Medical Technicians,920,20.83,"43,330"
MD,29-2061,Licensed Practical and Licensed Vocational Nurses,"8,730",27.11,"56,380"
MD,29-2072,Medical Records Specialists,"2,960",26.52,"55,170"
MD,29-2081,"Opticians, Dispensing","1,240",19.61,"40,790"
MD,29-2091,Orthotists and Prosthetists,110,34.97,"72,740"
MD,29-2092,Hearing Aid Specialists,70,26.25,"54,600"
MD,29-2099,"Health Technologists and Technicians, All Other","2,700",22.79,"47,400"
MD,29-9021,Health Information Technologists and Medical Registrars,"1,140",42.19,"87,750"
MD,29-9091,Athletic Trainers,320,*,"54,030"
MD,29-9093,Surgical Assistants,290,35.21,"73,230"
MD,29-9099,"Healthcare Practitioners and Technical Workers, All Other","2,190",48.41,"100,690"
MD,31-0000,Healthcare Support Occupations,"90,350",17.13,"35,620"
MD,31-1120,Home Health and Personal Care Aides,"28,130",14.45,"30,050"
MD,31-1131,Nursing Assistants,"27,180",16.37,"34,040"
MD,31-1132,Orderlies,"1,390",14.82,"30,820"
MD,31-1133,Psychiatric Aides,290,17.46,"36,310"
MD,31-2011,Occupational Therapy Assistants,700,32.01,"66,580"
MD,31-2021,Physical Therapist Assistants,"1,340",28.54,"59,360"
MD,31-2022,Physical Therapist Aides,"1,150",14.8,"30,780"
MD,31-9011,Massage Therapists,840,29.82,"62,030"
MD,31-9091,Dental Assistants,"5,070",21.35,"44,410"
MD,31-9092,Medical Assistants,"13,660",18.89,"39,280"
MD,31-9093,Medical Equipment Preparers,"1,440",19.53,"40,630"
MD,31-9094,Medical Transcriptionists,320,19.37,"40,290"
MD,31-9095,Pharmacy Aides,710,15.35,"31,930"
MD,31-9096,Veterinary Assistants and Laboratory Animal Caretakers,"2,490",17.06,"35,490"
MD,31-9097,Phlebotomists,"2,180",20.09,"41,790"
MD,31-9099,"Healthcare Support Workers, All Other","3,430",20.19,"42,000"
MD,33-0000,Protective Service Occupations,"70,280",27.76,"57,730"
MD,33-1011,First-Line Supervisors of Correctional Officers,"2,140",33.3,"69,260"
MD,33-1012,First-Line Supervisors of Police and Detectives,"4,400",52.83,"109,890"
MD,33-1021,First-Line Supervisors of Firefighting and Prevention Workers,"1,830",46.33,"96,360"
MD,33-1091,First-Line Supervisors of Security Workers,"1,400",28,"58,230"
MD,33-1099,"First-Line Supervisors of Protective Service Workers, All Other",460,29.08,"60,480"
MD,33-2011,Firefighters,"5,450",29.49,"61,340"
MD,33-2021,Fire Inspectors and Investigators,130,32.22,"67,010"
MD,33-3011,Bailiffs,510,24.81,"51,600"
MD,33-3012,Correctional Officers and Jailers,"6,720",25.42,"52,870"
MD,33-3021,Detectives and Criminal Investigators,870,55.61,"115,660"
MD,33-3031,Fish and Game Wardens,140,32.63,"67,860"
MD,33-3041,Parking Enforcement Workers,340,21.94,"45,630"
MD,33-3051,Police and Sheriff's Patrol Officers,"11,940",37.45,"77,890"
MD,33-3052,Transit and Railroad Police,300,33.21,"69,070"
MD,33-9011,Animal Control Workers,170,24.69,"51,350"
MD,33-9021,Private Detectives and Investigators,850,27.04,"56,250"
MD,33-9031,Gambling Surveillance Officers and Gambling Investigators,90,20.52,"42,670"
MD,33-9032,Security Guards,"24,740",19.38,"40,300"
MD,33-9091,Crossing Guards and Flaggers,"2,280",16.27,"33,840"
MD,33-9092,"Lifeguards, Ski Patrol, and Other Recreational Protective Service Workers","1,320",13.45,"27,980"
MD,33-9093,Transportation Security Screeners,560,22.55,"46,910"
MD,33-9094,School Bus Monitors,"1,060",15.72,"32,700"
MD,33-9099,"Protective Service Workers, All Other","2,550",19.77,"41,120"
MD,35-0000,Food Preparation and Serving Related Occupations,"185,980",15.21,"31,640"
MD,35-1011,Chefs and Head Cooks,"2,590",31.23,"64,950"
MD,35-1012,First-Line Supervisors of Food Preparation and Serving Workers,"17,710",20.46,"42,550"
MD,35-2011,"Cooks, Fast Food","5,850",13.4,"27,880"
MD,35-2012,"Cooks, Institution and Cafeteria","3,720",17.59,"36,580"
MD,35-2014,"Cooks, Restaurant","17,120",15.9,"33,070"
MD,35-2015,"Cooks, Short Order","1,910",14.13,"29,380"
MD,35-2019,"Cooks, All Other",970,15.93,"33,130"
MD,35-2021,Food Preparation Workers,"14,240",14.31,"29,760"
MD,35-3011,Bartenders,"8,690",15.38,"32,000"
MD,35-3023,Fast Food and Counter Workers,"48,100",13.62,"28,330"
MD,35-3031,Waiters and Waitresses,"30,990",14.71,"30,600"
MD,35-3041,"Food Servers, Nonrestaurant","5,430",14.18,"29,490"
MD,35-9011,Dining Room and Cafeteria Attendants and Bartender Helpers,"8,800",14.29,"29,710"
MD,35-9021,Dishwashers,"6,430",13.75,"28,610"
MD,35-9031,"Hosts and Hostesses, Restaurant, Lounge, and Coffee Shop","6,630",13.41,"27,900"
MD,35-9099,"Food Preparation and Serving Related Workers, All Other","6,780",14.57,"30,300"
MD,37-0000,Building and Grounds Cleaning and Maintenance Occupations,"78,030",17.11,"35,590"
MD,37-1011,First-Line Supervisors of Housekeeping and Janitorial Workers,"3,920",23.12,"48,090"
MD,37-1012,"First-Line Supervisors of Landscaping, Lawn Service, and Groundskeeping Workers","3,240",28.49,"59,250"
MD,37-2011,"Janitors and Cleaners, Except Maids and Housekeeping Cleaners","36,660",15.79,"32,840"
MD,37-2012,Maids and Housekeeping Cleaners,"13,210",14.27,"29,680"
MD,37-2019,"Building Cleaning Workers, All Other",650,21.2,"44,100"
MD,37-2021,Pest Control Workers,"1,710",19.2,"39,930"
MD,37-3011,Landscaping and Groundskeeping Workers,"17,000",17.82,"37,070"
MD,37-3012,"Pesticide Handlers, Sprayers, and Applicators, Vegetation",100,19.59,"40,740"
MD,37-3013,Tree Trimmers and Pruners,"1,030",22.77,"47,360"
MD,37-3019,"Grounds Maintenance Workers, All Other",**,19.72,"41,010"
MD,39-0000,Personal Care and Service Occupations,"55,620",16.9,"35,150"
MD,39-1013,First-Line Supervisors of Gambling Services Workers,410,30.85,"64,170"
MD,39-1014,"First-Line Supervisors of Entertainment and Recreation Workers, Except Gambling Services","1,170",23.71,"49,310"
MD,39-1022,First-Line Supervisors of Personal Service Workers,"3,340",22.85,"47,530"
MD,39-2011,Animal Trainers,360,18.16,"37,770"
MD,39-2021,Animal Caretakers,"4,250",15.18,"31,560"
MD,39-3011,Gambling Dealers,"1,460",12.58,"26,160"
MD,39-3012,Gambling and Sports Book Writers and Runners,50,14.63,"30,430"
MD,39-3019,"Gambling Service Workers, All Other",310,14.92,"31,030"
MD,39-3031,"Ushers, Lobby Attendants, and Ticket Takers",630,13.59,"28,270"
MD,39-3091,Amusement and Recreation Attendants,"4,150",14.41,"29,970"
MD,39-3093,"Locker Room, Coatroom, and Dressing Room Attendants",50,14.45,"30,060"
MD,39-4012,Crematory Operators,**,18.62,"38,730"
MD,39-4021,Funeral Attendants,880,15.6,"32,440"
MD,39-4031,"Morticians, Undertakers, and Funeral Arrangers",400,31.96,"66,480"
MD,39-5011,Barbers,**,15.01,"31,220"
MD,39-5012,"Hairdressers, Hairstylists, and Cosmetologists","5,490",18.96,"39,440"
MD,39-5092,Manicurists and Pedicurists,"2,700",14.64,"30,440"
MD,39-5093,Shampooers,630,12.19,"25,360"
MD,39-5094,Skincare Specialists,"1,030",16.49,"34,300"
MD,39-6011,Baggage Porters and Bellhops,500,14.08,"29,280"
MD,39-6012,Concierges,490,16.81,"34,970"
MD,39-7010,Tour and Travel Guides,360,15.4,"32,030"
MD,39-9011,Childcare Workers,"6,680",14.39,"29,940"
MD,39-9031,Exercise Trainers and Group Fitness Instructors,"3,690",25.14,"52,290"
MD,39-9032,Recreation Workers,"5,050",15.38,"31,980"
MD,39-9041,Residential Advisors,"4,720",16.4,"34,120"
MD,39-9099,"Personal Care and Service Workers, All Other","6,510",14.53,"30,220"
MD,41-0000,Sales and Related Occupations,"236,080",23.1,"48,060"
MD,41-1011,First-Line Supervisors of Retail Sales Workers,"23,530",23.86,"49,620"
MD,41-1012,First-Line Supervisors of Non-Retail Sales Workers,"4,980",46.52,"96,750"
MD,41-2011,Cashiers,"61,400",13.64,"28,370"
MD,41-2012,Gambling Change Persons and Booth Cashiers,340,16.98,"35,310"
MD,41-2021,Counter and Rental Clerks,"7,970",18.74,"38,980"
MD,41-2022,Parts Salespersons,"3,980",18.48,"38,430"
MD,41-2031,Retail Salespersons,"67,970",15.48,"32,190"
MD,41-3011,Advertising Sales Agents,"1,180",34.46,"71,680"
MD,41-3021,Insurance Sales Agents,"6,550",33.02,"68,680"
MD,41-3031,"Securities, Commodities, and Financial Services Sales Agents","7,210",46.25,"96,200"
MD,41-3041,Travel Agents,510,22.09,"45,950"
MD,41-3091,"Sales Representatives of Services, Except Advertising, Insurance, Financial Services, and Travel","24,340",40.14,"83,490"
MD,41-4011,"Sales Representatives, Wholesale and Manufacturing, Technical and Scientific Products","3,920",54.3,"112,950"
MD,41-4012,"Sales Representatives, Wholesale and Manufacturing, Except Technical and Scientific Products","13,190",35.46,"73,750"
MD,41-9011,Demonstrators and Product Promoters,480,17.33,"36,040"
MD,41-9021,Real Estate Brokers,780,45.66,"94,980"
MD,41-9022,Real Estate Sales Agents,"2,370",30.97,"64,410"
MD,41-9031,Sales Engineers,"1,300",72.57,"150,950"
MD,41-9041,Telemarketers,870,15.5,"32,240"
MD,41-9091,"Door-to-Door Sales Workers, News and Street Vendors, and Related Workers",270,*,*
MD,41-9099,"Sales and Related Workers, All Other","2,930",18.04,"37,520"
MD,43-0000,Office and Administrative Support Occupations,"313,540",21.98,"45,710"
MD,43-1011,First-Line Supervisors of Office and Administrative Support Workers,"31,470",31.29,"65,070"
MD,43-2011,"Switchboard Operators, Including Answering Service","1,290",16.59,"34,510"
MD,43-2021,Telephone Operators,50,15.48,"32,200"
MD,43-2099,"Communications Equipment Operators, All Other",60,19.32,"40,190"
MD,43-3011,Bill and Account Collectors,"4,050",21.91,"45,570"
MD,43-3021,Billing and Posting Clerks,"6,600",20.5,"42,640"
MD,43-3031,"Bookkeeping, Accounting, and Auditing Clerks","21,070",22.93,"47,690"
MD,43-3041,Gambling Cage Workers,80,15.38,"31,990"
MD,43-3051,Payroll and Timekeeping Clerks,"2,610",25.97,"54,010"
MD,43-3061,Procurement Clerks,"1,270",23.56,"49,010"
MD,43-3071,Tellers,"4,060",17.92,"37,270"
MD,43-3099,"Financial Clerks, All Other",**,22.54,"46,880"
MD,43-4011,Brokerage Clerks,910,30.66,"63,780"
MD,43-4021,Correspondence Clerks,210,19.45,"40,460"
MD,43-4031,"Court, Municipal, and License Clerks","2,570",24.19,"50,310"
MD,43-4041,"Credit Authorizers, Checkers, and Clerks",420,20,"41,600"
MD,43-4051,Customer Service Representatives,"45,860",19.46,"40,480"
MD,43-4061,"Eligibility Interviewers, Government Programs","3,240",22.53,"46,850"
MD,43-4071,File Clerks,"1,120",20.19,"42,000"
MD,43-4081,"Hotel, Motel, and Resort Desk Clerks","2,900",14.07,"29,270"
MD,43-4111,"Interviewers, Except Eligibility and Loan","5,430",19.33,"40,200"
MD,43-4121,"Library Assistants, Clerical","1,380",16.17,"33,630"
MD,43-4131,Loan Interviewers and Clerks,"3,490",22.16,"46,080"
MD,43-4141,New Accounts Clerks,**,22.95,"47,730"
MD,43-4151,Order Clerks,860,21.25,"44,200"
MD,43-4161,"Human Resources Assistants, Except Payroll and Timekeeping","3,050",22.2,"46,170"
MD,43-4171,Receptionists and Information Clerks,"17,510",16.43,"34,170"
MD,43-4181,Reservation and Transportation Ticket Agents and Travel Clerks,840,20.53,"42,690"
MD,43-4199,"Information and Record Clerks, All Other","3,370",24.18,"50,300"
MD,43-5011,Cargo and Freight Agents,900,21.43,"44,570"
MD,43-5021,Couriers and Messengers,**,17.01,"35,390"
MD,43-5031,Public Safety Telecommunicators,"1,930",24.73,"51,440"
MD,43-5032,"Dispatchers, Except Police, Fire, and Ambulance","3,330",23.69,"49,280"
MD,43-5041,"Meter Readers, Utilities",230,22.86,"47,540"
MD,43-5051,Postal Service Clerks,"1,400",25.94,"53,950"
MD,43-5052,Postal Service Mail Carriers,"6,940",26.16,"54,410"
MD,43-5053,"Postal Service Mail Sorters, Processors, and Processing Machine Operators","2,610",24.87,"51,730"
MD,43-5061,"Production, Planning, and Expediting Clerks","6,440",24.43,"50,820"
MD,43-5071,"Shipping, Receiving, and Inventory Clerks","11,980",18.72,"38,940"
MD,43-5111,"Weighers, Measurers, Checkers, and Samplers, Recordkeeping",550,20.51,"42,660"
MD,43-6011,Executive Secretaries and Executive Administrative Assistants,"8,230",33.9,"70,520"
MD,43-6012,Legal Secretaries and Administrative Assistants,"2,830",26.64,"55,410"
MD,43-6013,Medical Secretaries and Administrative Assistants,"8,450",19.59,"40,740"
MD,43-6014,"Secretaries and Administrative Assistants, Except Legal, Medical, and Executive","48,780",20.8,"43,270"
MD,43-9021,Data Entry Keyers,"2,980",17.29,"35,960"
MD,43-9022,Word Processors and Typists,520,20.37,"42,360"
MD,43-9041,Insurance Claims and Policy Processing Clerks,"1,850",25.41,"52,840"
MD,43-9051,"Mail Clerks and Mail Machine Operators, Except Postal Service","1,530",17.32,"36,030"
MD,43-9061,"Office Clerks, General","26,740",18.59,"38,670"
MD,43-9071,"Office Machine Operators, Except Computer",830,18.08,"37,600"
MD,43-9081,Proofreaders and Copy Markers,50,22.75,"47,310"
MD,43-9111,Statistical Assistants,90,28.6,"59,480"
MD,43-9199,"Office and Administrative Support Workers, All Other","4,140",21.09,"43,870"
MD,45-0000,"Farming, Fishing, and Forestry Occupations","4,150",17.29,"35,970"
MD,45-1011,"First-Line Supervisors of Farming, Fishing, and Forestry Workers",350,26.59,"55,310"
MD,45-2011,Agricultural Inspectors,190,23.55,"48,980"
MD,45-2041,"Graders and Sorters, Agricultural Products",490,18.5,"38,480"
MD,45-2091,Agricultural Equipment Operators,160,16.64,"34,600"
MD,45-2092,"Farmworkers and Laborers, Crop, Nursery, and Greenhouse","2,320",15.2,"31,620"
MD,45-2093,"Farmworkers, Farm, Ranch, and Aquacultural Animals",340,15.71,"32,690"
MD,45-2099,"Agricultural Workers, All Other",170,17.33,"36,040"
MD,45-4011,Forest and Conservation Workers,**,22.48,"46,760"
MD,47-0000,Construction and Extraction Occupations,"112,780",26.11,"54,300"
MD,47-1011,First-Line Supervisors of Construction Trades and Extraction Workers,"14,300",35.49,"73,820"
MD,47-2011,Boilermakers,**,31.87,"66,290"
MD,47-2021,Brickmasons and Blockmasons,"1,150",25.86,"53,780"
MD,47-2022,Stonemasons,400,24.56,"51,080"
MD,47-2031,Carpenters,"13,770",26.4,"54,910"
MD,47-2041,Carpet Installers,120,25.92,"53,910"
MD,47-2042,"Floor Layers, Except Carpet, Wood, and Hard Tiles",530,21.51,"44,730"
MD,47-2043,Floor Sanders and Finishers,100,21.88,"45,520"
MD,47-2044,Tile and Stone Setters,350,25.26,"52,540"
MD,47-2051,Cement Masons and Concrete Finishers,"3,220",22.67,"47,160"
MD,47-2053,Terrazzo Workers and Finishers,60,24.97,"51,930"
MD,47-2061,Construction Laborers,"18,790",18.74,"38,980"
MD,47-2071,"Paving, Surfacing, and Tamping Equipment Operators",870,24.09,"50,120"
MD,47-2072,Pile Driver Operators,30,26.91,"55,980"
MD,47-2073,Operating Engineers and Other Construction Equipment Operators,"5,730",26.57,"55,260"
MD,47-2081,Drywall and Ceiling Tile Installers,"1,980",25.04,"52,090"
MD,47-2082,Tapers,110,21.26,"44,230"
MD,47-2111,Electricians,"12,200",30.11,"62,620"
MD,47-2121,Glaziers,"1,060",25.17,"52,360"
MD,47-2131,"Insulation Workers, Floor, Ceiling, and Wall",430,21.55,"44,820"
MD,47-2132,"Insulation Workers, Mechanical",910,26.9,"55,950"
MD,47-2141,"Painters, Construction and Maintenance","4,470",21.66,"45,050"
MD,47-2142,Paperhangers,60,18.93,"39,380"
MD,47-2151,Pipelayers,640,22.66,"47,130"
MD,47-2152,"Plumbers, Pipefitters, and Steamfitters","9,520",29.02,"60,350"
MD,47-2161,Plasterers and Stucco Masons,**,22.88,"47,590"
MD,47-2171,Reinforcing Iron and Rebar Workers,620,28.89,"60,100"
MD,47-2181,Roofers,"2,570",24.95,"51,900"
MD,47-2211,Sheet Metal Workers,"2,150",26.97,"56,100"
MD,47-2221,Structural Iron and Steel Workers,"1,650",26.33,"54,770"
MD,47-2231,Solar Photovoltaic Installers,**,25.58,"53,200"
MD,47-3011,"Helpers--Brickmasons, Blockmasons, Stonemasons, and Tile and Marble Setters",710,18.81,"39,130"
MD,47-3012,Helpers--Carpenters,"1,040",18.11,"37,670"
MD,47-3013,Helpers--Electricians,"1,060",16.44,"34,190"
MD,47-3014,"Helpers--Painters, Paperhangers, Plasterers, and Stucco Masons",270,16.72,"34,770"
MD,47-3015,"Helpers--Pipelayers, Plumbers, Pipefitters, and Steamfitters",980,17.42,"36,240"
MD,47-3016,Helpers--Roofers,**,18.41,"38,290"
MD,47-3019,"Helpers, Construction Trades, All Other",980,17.97,"37,370"
MD,47-4011,Construction and Building Inspectors,"2,650",29.84,"62,070"
MD,47-4021,Elevator and Escalator Installers and Repairers,800,44.07,"91,670"
MD,47-4031,Fence Erectors,650,18.57,"38,630"
MD,47-4041,Hazardous Materials Removal Workers,"1,050",20.83,"43,330"
MD,47-4051,Highway Maintenance Workers,570,20.71,"43,080"
MD,47-4061,Rail-Track Laying and Maintenance Equipment Operators,640,32.46,"67,520"
MD,47-4071,Septic Tank Servicers and Sewer Pipe Cleaners,280,22.47,"46,740"
MD,47-4090,Miscellaneous Construction and Related Workers,"1,230",24.23,"50,400"
MD,47-5022,"Excavating and Loading Machine and Dragline Operators, Surface Mining",470,22.67,"47,150"
MD,47-5023,"Earth Drillers, Except Oil and Gas",210,26.61,"55,340"
MD,47-5032,"Explosives Workers, Ordnance Handling Experts, and Blasters",150,22.94,"47,720"
MD,47-5099,"Extraction Workers, All Other",60,23.23,"48,320"
MD,49-0000,"Installation, Maintenance, and Repair Occupations","95,060",27.24,"56,660"
MD,49-1011,"First-Line Supervisors of Mechanics, Installers, and Repairers","9,740",35.19,"73,200"
MD,49-2011,"Computer, Automated Teller, and Office Machine Repairers","1,720",22.97,"47,770"
MD,49-2021,"Radio, Cellular, and Tower Equipment Installers and Repairers",190,34.82,"72,420"
MD,49-2022,"Telecommunications Equipment Installers and Repairers, Except Line Installers","3,440",29.57,"61,510"
MD,49-2091,Avionics Technicians,710,40.08,"83,370"
MD,49-2092,"Electric Motor, Power Tool, and Related Repairers",230,23.22,"48,300"
MD,49-2093,"Electrical and Electronics Installers and Repairers, Transportation Equipment",380,31.95,"66,450"
MD,49-2094,"Electrical and Electronics Repairers, Commercial and Industrial Equipment",670,31.67,"65,870"
MD,49-2095,"Electrical and Electronics Repairers, Powerhouse, Substation, and Relay",630,43.18,"89,810"
MD,49-2096,"Electronic Equipment Installers and Repairers, Motor Vehicles",60,22.15,"46,070"
MD,49-2097,Audiovisual Equipment Installers and Repairers,630,30.53,"63,510"
MD,49-2098,Security and Fire Alarm Systems Installers,"2,790",28.44,"59,160"
MD,49-3011,Aircraft Mechanics and Service Technicians,"1,750",40.5,"84,240"
MD,49-3021,Automotive Body and Related Repairers,"2,540",26.53,"55,190"
MD,49-3022,Automotive Glass Installers and Repairers,250,21.13,"43,950"
MD,49-3023,Automotive Service Technicians and Mechanics,"11,470",25.53,"53,100"
MD,49-3031,Bus and Truck Mechanics and Diesel Engine Specialists,"3,930",27.22,"56,620"
MD,49-3041,Farm Equipment Mechanics and Service Technicians,160,21.91,"45,580"
MD,49-3042,"Mobile Heavy Equipment Mechanics, Except Engines","2,590",28.95,"60,220"
MD,49-3043,Rail Car Repairers,520,32.31,"67,190"
MD,49-3051,Motorboat Mechanics and Service Technicians,870,24.85,"51,690"
MD,49-3052,Motorcycle Mechanics,180,21.15,"43,990"
MD,49-3053,Outdoor Power Equipment and Other Small Engine Mechanics,500,21.98,"45,720"
MD,49-3093,Tire Repairers and Changers,"1,610",15.7,"32,650"
MD,49-9011,Mechanical Door Repairers,**,26.41,"54,930"
MD,49-9012,"Control and Valve Installers and Repairers, Except Mechanical Door",890,28.25,"58,750"
MD,49-9021,"Heating, Air Conditioning, and Refrigeration Mechanics and Installers","7,480",30.49,"63,420"
MD,49-9031,Home Appliance Repairers,440,22.64,"47,100"
MD,49-9041,Industrial Machinery Mechanics,"3,570",28.51,"59,300"
MD,49-9043,"Maintenance Workers, Machinery","1,320",25.23,"52,470"
MD,49-9044,Millwrights,150,26.97,"56,110"
MD,49-9051,Electrical Power-Line Installers and Repairers,"2,060",35.53,"73,900"
MD,49-9052,Telecommunications Line Installers and Repairers,"2,490",33.54,"69,760"
MD,49-9061,Camera and Photographic Equipment Repairers,60,18.71,"38,910"
MD,49-9062,Medical Equipment Repairers,"1,420",25.06,"52,120"
MD,49-9063,Musical Instrument Repairers and Tuners,260,20.17,"41,950"
MD,49-9069,"Precision Instrument and Equipment Repairers, All Other",220,31.62,"65,770"
MD,49-9071,"Maintenance and Repair Workers, General","18,930",22.43,"46,660"
MD,49-9091,"Coin, Vending, and Amusement Machine Servicers and Repairers",190,21.34,"44,380"
MD,49-9094,Locksmiths and Safe Repairers,240,23.03,"47,890"
MD,49-9096,Riggers,100,24.87,"51,720"
MD,49-9098,"Helpers--Installation, Maintenance, and Repair Workers","2,970",17.24,"35,860"
MD,49-9099,"Installation, Maintenance, and Repair Workers, All Other","4,330",22.77,"47,350"
MD,51-0000,Production Occupations,"69,980",21.98,"45,710"
MD,51-1011,First-Line Supervisors of Production and Operating Workers,"5,680",35.12,"73,050"
MD,51-2011,"Aircraft Structure, Surfaces, Rigging, and Systems Assemblers",140,31.69,"65,910"
MD,51-2021,"Coil Winders, Tapers, and Finishers",70,16.85,"35,040"
MD,51-2028,"Electrical, Electronic, and Electromechanical Assemblers, Except Coil Winders, Tapers, and Finishers","2,320",23.2,"48,260"
MD,51-2031,Engine and Other Machine Assemblers,90,15.96,"33,200"
MD,51-2041,Structural Metal Fabricators and Fitters,870,25.28,"52,590"
MD,51-2051,Fiberglass Laminators and Fabricators,80,21.71,"45,160"
MD,51-2090,Miscellaneous Assemblers and Fabricators,"5,990",18.58,"38,650"
MD,51-3011,Bakers,"1,460",16.9,"35,150"
MD,51-3021,Butchers and Meat Cutters,"1,430",19.48,"40,510"
MD,51-3022,"Meat, Poultry, and Fish Cutters and Trimmers",950,14.32,"29,780"
MD,51-3023,Slaughterers and Meat Packers,360,17.01,"35,380"
MD,51-3091,"Food and Tobacco Roasting, Baking, and Drying Machine Operators and Tenders",120,19.68,"40,940"
MD,51-3092,Food Batchmakers,"1,310",17.04,"35,450"
MD,51-3093,Food Cooking Machine Operators and Tenders,660,17.2,"35,770"
MD,51-3099,"Food Processing Workers, All Other","1,970",15.38,"31,980"
MD,51-4021,"Extruding and Drawing Machine Setters, Operators, and Tenders, Metal and Plastic",170,20.76,"43,170"
MD,51-4023,"Rolling Machine Setters, Operators, and Tenders, Metal and Plastic",90,22.15,"46,060"
MD,51-4031,"Cutting, Punching, and Press Machine Setters, Operators, and Tenders, Metal and Plastic",390,21.98,"45,720"
MD,51-4033,"Grinding, Lapping, Polishing, and Buffing Machine Tool Setters, Operators, and Tenders, Metal and Plastic",250,18.21,"37,880"
MD,51-4034,"Lathe and Turning Machine Tool Setters, Operators, and Tenders, Metal and Plastic",100,19.47,"40,500"
MD,51-4035,"Milling and Planing Machine Setters, Operators, and Tenders, Metal and Plastic",50,22.42,"46,640"
MD,51-4041,Machinists,"1,780",28.76,"59,810"
MD,51-4072,"Molding, Coremaking, and Casting Machine Setters, Operators, and Tenders, Metal and Plastic",440,20.29,"42,210"
MD,51-4081,"Multiple Machine Tool Setters, Operators, and Tenders, Metal and Plastic",220,21.53,"44,790"
MD,51-4111,Tool and Die Makers,80,30.66,"63,780"
MD,51-4121,"Welders, Cutters, Solderers, and Brazers","2,370",26.15,"54,400"
MD,51-4122,"Welding, Soldering, and Brazing Machine Setters, Operators, and Tenders",120,27.08,"56,330"
MD,51-4192,"Layout Workers, Metal and Plastic",40,25.61,"53,260"
MD,51-4193,"Plating Machine Setters, Operators, and Tenders, Metal and Plastic",140,20.51,"42,670"
MD,51-4199,"Metal Workers and Plastic Workers, All Other",270,20.89,"43,440"
MD,51-5111,Prepress Technicians and Workers,510,21.48,"44,670"
MD,51-5112,Printing Press Operators,"1,840",21.74,"45,230"
MD,51-5113,Print Binding and Finishing Workers,780,19.48,"40,510"
MD,51-6011,Laundry and Dry-Cleaning Workers,"4,130",13.99,"29,110"
MD,51-6021,"Pressers, Textile, Garment, and Related Materials",330,14.26,"29,660"
MD,51-6031,Sewing Machine Operators,"1,440",14.55,"30,270"
MD,51-6052,"Tailors, Dressmakers, and Custom Sewers",490,17.78,"36,970"
MD,51-6062,"Textile Cutting Machine Setters, Operators, and Tenders",120,14.61,"30,380"
MD,51-6063,"Textile Knitting and Weaving Machine Setters, Operators, and Tenders",40,15.87,"33,010"
MD,51-6064,"Textile Winding, Twisting, and Drawing Out Machine Setters, Operators, and Tenders",40,16.14,"33,580"
MD,51-6091,"Extruding and Forming Machine Setters, Operators, and Tenders, Synthetic and Glass Fibers",50,18.93,"39,380"
MD,51-6093,Upholsterers,110,20.88,"43,430"
MD,51-6099,"Textile, Apparel, and Furnishings Workers, All Other",200,16.42,"34,140"
MD,51-7011,Cabinetmakers and Bench Carpenters,920,20.28,"42,190"
MD,51-7021,Furniture Finishers,130,21.01,"43,700"
MD,51-7041,"Sawing Machine Setters, Operators, and Tenders, Wood",270,18.42,"38,320"
MD,51-7042,"Woodworking Machine Setters, Operators, and Tenders, Except Sawing",590,17.58,"36,570"
MD,51-7099,"Woodworkers, All Other",70,19.85,"41,290"
MD,51-8012,Power Distributors and Dispatchers,330,43.15,"89,750"
MD,51-8013,Power Plant Operators,690,41.5,"86,310"
MD,51-8021,Stationary Engineers and Boiler Operators,820,32.18,"66,920"
MD,51-8031,Water and Wastewater Treatment Plant and System Operators,"1,410",23.26,"48,380"
MD,51-8091,Chemical Plant and System Operators,660,32.58,"67,760"
MD,51-8092,Gas Plant Operators,70,38.13,"79,310"
MD,51-8093,"Petroleum Pump System Operators, Refinery Operators, and Gaugers",40,40.59,"84,420"
MD,51-8099,"Plant and System Operators, All Other",300,29.73,"61,840"
MD,51-9011,Chemical Equipment Operators and Tenders,710,27,"56,170"
MD,51-9012,"Separating, Filtering, Clarifying, Precipitating, and Still Machine Setters, Operators, and Tenders",550,24.2,"50,340"
MD,51-9021,"Crushing, Grinding, and Polishing Machine Setters, Operators, and Tenders",130,20.56,"42,770"
MD,51-9022,"Grinding and Polishing Workers, Hand",60,21.21,"44,120"
MD,51-9023,"Mixing and Blending Machine Setters, Operators, and Tenders","1,010",19.85,"41,280"
MD,51-9032,"Cutting and Slicing Machine Setters, Operators, and Tenders",370,19.62,"40,810"
MD,51-9041,"Extruding, Forming, Pressing, and Compacting Machine Setters, Operators, and Tenders",420,18.32,"38,100"
MD,51-9051,"Furnace, Kiln, Oven, Drier, and Kettle Operators and Tenders",40,18.86,"39,220"
MD,51-9061,"Inspectors, Testers, Sorters, Samplers, and Weighers","5,040",25.72,"53,500"
MD,51-9071,Jewelers and Precious Stone and Metal Workers,190,22.73,"47,280"
MD,51-9081,Dental Laboratory Technicians,390,22.9,"47,620"
MD,51-9082,Medical Appliance Technicians,290,23.16,"48,180"
MD,51-9083,Ophthalmic Laboratory Technicians,**,20.41,"42,450"
MD,51-9111,Packaging and Filling Machine Operators and Tenders,"3,030",16.85,"35,040"
MD,51-9123,"Painting, Coating, and Decorating Workers",190,16.99,"35,330"
MD,51-9124,"Coating, Painting, and Spraying Machine Setters, Operators, and Tenders",830,23.41,"48,690"
MD,51-9151,Photographic Process Workers and Processing Machine Operators,70,17.98,"37,400"
MD,51-9161,Computer Numerically Controlled Tool Operators,"1,760",23.68,"49,250"
MD,51-9162,Computer Numerically Controlled Tool Programmers,**,27.61,"57,430"
MD,51-9191,Adhesive Bonding Machine Operators and Tenders,90,17.36,"36,110"
MD,51-9193,Cooling and Freezing Equipment Operators and Tenders,30,20.73,"43,110"
MD,51-9194,Etchers and Engravers,**,17.5,"36,400"
MD,51-9195,"Molders, Shapers, and Casters, Except Metal and Plastic",310,19.24,"40,030"
MD,51-9196,"Paper Goods Machine Setters, Operators, and Tenders",820,19.61,"40,790"
MD,51-9198,Helpers--Production Workers,"2,170",17.24,"35,870"
MD,51-9199,"Production Workers, All Other","4,070",17.05,"35,450"
MD,53-0000,Transportation and Material Moving Occupations,"201,110",20.55,"42,740"
MD,53-1041,Aircraft Cargo Handling Supervisors,90,31.42,"65,350"
MD,53-1047,"First-Line Supervisors of Transportation and Material Moving Workers, Except Aircraft Cargo Handling Supervisors","11,150",29.68,"61,720"
MD,53-2012,Commercial Pilots,370,*,"144,460"
MD,53-2021,Air Traffic Controllers,110,53.89,"112,080"
MD,53-2022,Airfield Operations Specialists,70,38.26,"79,590"
MD,53-3011,"Ambulance Drivers and Attendants, Except Emergency Medical Technicians",240,18.06,"37,570"
MD,53-3031,Driver/Sales Workers,"7,100",14.62,"30,420"
MD,53-3032,Heavy and Tractor-Trailer Truck Drivers,"23,960",24.56,"51,090"
MD,53-3033,Light Truck Drivers,"25,190",22.01,"45,780"
MD,53-3051,"Bus Drivers, School","6,200",20.28,"42,180"
MD,53-3052,"Bus Drivers, Transit and Intercity","5,140",24.93,"51,860"
MD,53-3053,Shuttle Drivers and Chauffeurs,"3,460",16.25,"33,800"
MD,53-3054,Taxi Drivers,400,16.95,"35,250"
MD,53-3099,"Motor Vehicle Operators, All Other","3,030",17.98,"37,390"
MD,53-4011,Locomotive Engineers,140,30.91,"64,290"
MD,53-4022,"Railroad Brake, Signal, and Switch Operators and Locomotive Firers",70,22.15,"46,070"
MD,53-4031,Railroad Conductors and Yardmasters,130,25.01,"52,030"
MD,53-4041,Subway and Streetcar Operators,550,31.35,"65,210"
MD,53-5011,Sailors and Marine Oilers,650,33.95,"70,620"
MD,53-5021,"Captains, Mates, and Pilots of Water Vessels",560,49.15,"102,240"
MD,53-5031,Ship Engineers,**,52.46,"109,120"
MD,53-6021,Parking Attendants,"1,310",14.33,"29,810"
MD,53-6031,Automotive and Watercraft Service Attendants,"2,130",14.74,"30,660"
MD,53-6032,Aircraft Service Attendants,130,20.46,"42,560"
MD,53-6041,Traffic Technicians,140,23.27,"48,400"
MD,53-6051,Transportation Inspectors,600,23.26,"48,390"
MD,53-6099,"Transportation Workers, All Other",160,25.59,"53,240"
MD,53-7011,Conveyor Operators and Tenders,290,19.21,"39,960"
MD,53-7021,Crane and Tower Operators,710,30.71,"63,880"
MD,53-7041,Hoist and Winch Operators,70,33.31,"69,290"
MD,53-7051,Industrial Truck and Tractor Operators,"10,600",22.21,"46,210"
MD,53-7061,Cleaners of Vehicles and Equipment,"6,640",15.17,"31,560"
MD,53-7062,"Laborers and Freight, Stock, and Material Movers, Hand","32,610",17.01,"35,370"
MD,53-7063,Machine Feeders and Offbearers,130,19.45,"40,460"
MD,53-7064,"Packers and Packagers, Hand","5,300",15.77,"32,800"
MD,53-7065,Stockers and Order Fillers,"44,570",16.24,"33,780"
MD,53-7071,Gas Compressor and Gas Pumping Station Operators,30,35.1,"73,010"
MD,53-7072,"Pump Operators, Except Wellhead Pumpers",150,21.91,"45,570"
MD,53-7081,Refuse and Recyclable Material Collectors,"2,540",15.47,"32,190"
MD,53-7199,"Material Moving Workers, All Other",450,20.34,"42,300"